position,nucleotide,score,downsampled
165991702,A,1588.90755,165990
165991705,C,1586.0515,165990
165991706,A,1587.59867,165990
165991706,T,1587.05882,165990
166091182,A,1615.19521,166090
166127381,T,1616.44106,166120
166127454,C,1586.54045,166120
166127456,A,1586.23943,166120
166127493,G,1596.53002,166120
166127502,C,1612.17347,166120
166127560,G,1605.82294,166120
166127876,T,1590.35662,166120
166127878,C,1599.54436,166120
166127880,C,1611.09994,166120
166127881,C,1599.09431,166120
166149042,C,1618.76229,166140
166149048,T,1586.16778,166140
